publishedAt,url,likes,reposts,replies,views,interaction,observedAt,metricsExact
"2026-01-08T18:00:00.000Z","https://x.com/ChathamHouse/status/2009324223341170816","1","2","0","1061","3","2026-09-28T14:46:34.853Z","true"
"2026-01-08T17:30:00.000Z","https://x.com/ChathamHouse/status/2009316672587395339","5","1","0","1004","6","2026-09-28T14:46:34.853Z","true"
"2026-01-08T17:00:01.000Z","https://x.com/ChathamHouse/status/2009309127323873584","2","2","1","1079","5","2026-09-28T14:46:34.853Z","true"
"2026-01-08T16:30:00.000Z","https://x.com/ChathamHouse/status/2009301572254412940","2","1","0","1041","3","2026-09-28T14:46:34.853Z","true"
"2026-01-08T16:00:00.000Z","https://x.com/ChathamHouse/status/2009294022951555306","1","1","0","918","2","2026-09-28T14:46:34.853Z","true"
"2026-01-08T15:30:41.000Z","https://x.com/ChathamHouse/status/2009286643593666904","0","0","0","970","0","2026-09-28T14:46:34.853Z","true"
"2026-01-08T15:30:03.000Z","https://x.com/ChathamHouse/status/2009286483287425465","3","4","1","1506","8","2026-09-28T14:46:34.853Z","true"
"2026-01-08T15:00:01.000Z","https://x.com/ChathamHouse/status/2009278925458096418","4","1","0","890","5","2026-09-28T14:46:34.853Z","true"
"2026-01-08T14:30:00.000Z","https://x.com/ChathamHouse/status/2009271373223612894","7","6","3","1791","16","2026-09-28T14:46:34.853Z","true"
"2026-01-08T13:30:00.000Z","https://x.com/ChathamHouse/status/2009256275297906876","5","2","0","1323","7","2026-09-28T14:46:34.853Z","true"
"2026-01-08T13:00:01.000Z","https://x.com/ChathamHouse/status/2009248730005033173","4","2","1","945","7","2026-09-28T14:46:34.853Z","true"
"2026-01-08T11:30:00.000Z","https://x.com/ChathamHouse/status/2009226075830624749","6","3","0","1843","9","2026-09-28T14:46:34.853Z","true"
"2026-01-08T11:00:03.000Z","https://x.com/ChathamHouse/status/2009218537320263705","9","3","0","7170","12","2026-09-28T14:46:34.853Z","true"
"2026-01-08T10:30:01.000Z","https://x.com/ChathamHouse/status/2009210979410710596","2","2","0","922","4","2026-09-28T14:46:34.853Z","true"
"2026-01-08T10:10:00.000Z","https://x.com/ChathamHouse/status/2009205941280100716","2","1","0","981","3","2026-09-28T14:46:34.853Z","true"
"2026-01-08T09:30:00.000Z","https://x.com/ChathamHouse/status/2009195877261562347","5","4","5","1222","14","2026-09-28T14:46:34.853Z","true"
"2026-01-08T09:00:01.000Z","https://x.com/ChathamHouse/status/2009188330282373362","4","1","0","891","5","2026-09-28T14:46:34.853Z","true"
"2026-01-08T08:30:00.000Z","https://x.com/ChathamHouse/status/2009180777032949766","2","1","2","1012","5","2026-09-28T14:46:34.853Z","true"
"2026-01-08T08:00:01.000Z","https://x.com/ChathamHouse/status/2009173231484457426","3","4","0","1040","7","2026-09-28T14:46:34.853Z","true"
"2026-01-08T07:30:00.000Z","https://x.com/ChathamHouse/status/2009165676955504896","10","3","1","1252","14","2026-09-28T14:46:34.853Z","true"
"2026-01-07T18:00:26.000Z","https://x.com/ChathamHouse/status/2008961942010925408","6","2","1","1900","9","2026-09-28T14:44:14.604Z","true"
"2026-01-07T17:30:00.000Z","https://x.com/ChathamHouse/status/2008954282889089355","5","3","0","2249","8","2026-09-28T14:44:15.933Z","true"
"2026-01-07T17:00:38.000Z","https://x.com/ChathamHouse/status/2008946893653492082","5","5","0","1258","10","2026-09-28T14:44:15.933Z","true"
"2026-01-07T16:30:05.000Z","https://x.com/ChathamHouse/status/2008939206622761280","4","3","0","2090","7","2026-09-28T14:44:17.261Z","true"
"2026-01-07T16:00:41.000Z","https://x.com/ChathamHouse/status/2008931804930036024","4","3","1","1475","8","2026-09-28T14:44:17.261Z","true"
"2026-01-07T15:00:47.000Z","https://x.com/ChathamHouse/status/2008916734300799353","7","3","0","1237","10","2026-09-28T14:44:18.578Z","true"
"2026-01-07T14:00:01.000Z","https://x.com/ChathamHouse/status/2008901438059987287","3","1","0","882","4","2026-09-28T14:44:18.578Z","true"
"2026-01-07T13:00:00.000Z","https://x.com/ChathamHouse/status/2008886337206927638","5","3","1","1669","9","2026-09-28T14:44:19.903Z","true"
"2026-01-07T12:30:00.000Z","https://x.com/ChathamHouse/status/2008878785517744555","3","3","0","978","6","2026-09-28T14:44:19.903Z","true"
"2026-01-07T12:00:04.000Z","https://x.com/ChathamHouse/status/2008871253852160298","7","4","1","2014","12","2026-09-28T14:44:21.224Z","true"
"2026-01-07T11:30:00.000Z","https://x.com/ChathamHouse/status/2008863686795149436","5","2","0","1767","7","2026-09-28T14:44:21.224Z","true"
"2026-01-07T11:00:00.000Z","https://x.com/ChathamHouse/status/2008856136624287759","2","1","1","1196","4","2026-09-28T14:44:22.544Z","true"
"2026-01-07T10:30:00.000Z","https://x.com/ChathamHouse/status/2008848586272874756","5","2","0","1038","7","2026-09-28T14:44:22.544Z","true"
"2026-01-07T10:00:30.000Z","https://x.com/ChathamHouse/status/2008841165458792761","5","5","1","2951","11","2026-09-28T14:44:23.865Z","true"
"2026-01-07T09:30:00.000Z","https://x.com/ChathamHouse/status/2008833488590340546","1","2","0","911","3","2026-09-28T14:44:23.865Z","true"
"2026-01-07T08:30:00.000Z","https://x.com/ChathamHouse/status/2008818389452501081","7","4","1","2036","12","2026-09-28T14:44:26.385Z","true"
"2026-01-07T08:00:00.000Z","https://x.com/ChathamHouse/status/2008810838010777788","6","7","0","1262","13","2026-09-28T14:44:26.385Z","true"
"2026-01-07T07:30:00.000Z","https://x.com/ChathamHouse/status/2008803288230277506","7","5","1","1329","13","2026-09-28T14:44:26.385Z","true"
"2026-01-07T07:00:00.000Z","https://x.com/ChathamHouse/status/2008795741083627906","2","2","1","1062","5","2026-09-28T14:44:26.385Z","true"
"2026-01-06T21:00:01.000Z","https://x.com/ChathamHouse/status/2008644749096570988","3","2","0","1186","5","2026-09-28T14:44:26.385Z","true"
"2026-01-06T20:00:01.000Z","https://x.com/ChathamHouse/status/2008629648112889868","2","2","1","1145","5","2026-09-28T14:44:26.385Z","true"
"2026-01-06T19:30:00.000Z","https://x.com/ChathamHouse/status/2008622095375200293","2","1","0","1255","3","2026-09-28T14:44:26.385Z","true"
"2026-01-06T18:30:00.000Z","https://x.com/ChathamHouse/status/2008606996585738580","6","5","0","1206","11","2026-09-28T14:44:26.385Z","true"
"2026-01-06T18:00:00.000Z","https://x.com/ChathamHouse/status/2008599446935007349","3","3","0","1085","6","2026-09-28T14:44:26.385Z","true"
"2026-01-06T17:30:00.000Z","https://x.com/ChathamHouse/status/2008591897376235558","8","5","0","1319","13","2026-09-28T14:44:26.385Z","true"
"2026-01-06T17:00:30.000Z","https://x.com/ChathamHouse/status/2008584472472809814","4","2","0","1188","6","2026-09-28T14:44:26.385Z","true"
"2026-01-06T16:00:02.000Z","https://x.com/ChathamHouse/status/2008569253453296126","5","3","0","972","8","2026-09-28T14:44:26.385Z","true"
"2026-01-06T15:00:01.000Z","https://x.com/ChathamHouse/status/2008554151685349695","9","7","0","1096","16","2026-09-28T14:44:26.385Z","true"
"2026-01-06T14:00:29.000Z","https://x.com/ChathamHouse/status/2008539167949537498","3","3","0","1136","6","2026-09-28T14:44:26.385Z","true"
"2026-01-06T13:30:00.000Z","https://x.com/ChathamHouse/status/2008531497679008243","7","3","0","2272","10","2026-09-28T14:44:26.385Z","true"
"2026-01-06T13:00:02.000Z","https://x.com/ChathamHouse/status/2008523954743390432","9","4","1","990","14","2026-09-28T14:44:26.385Z","true"
"2026-01-06T12:00:01.000Z","https://x.com/ChathamHouse/status/2008508853772525986","5","2","0","987","7","2026-09-28T14:44:26.385Z","true"
"2026-01-06T11:30:00.000Z","https://x.com/ChathamHouse/status/2008501298820501573","3","1","0","1093","4","2026-09-28T14:44:26.385Z","true"
"2026-01-06T11:00:03.000Z","https://x.com/ChathamHouse/status/2008493760540291227","3","4","0","1311","7","2026-09-28T14:44:26.385Z","true"
"2026-01-06T10:30:00.000Z","https://x.com/ChathamHouse/status/2008486199233499531","10","7","0","3343","17","2026-09-28T14:44:26.385Z","true"
"2026-01-06T10:00:02.000Z","https://x.com/ChathamHouse/status/2008478659829522813","5","2","0","1381","7","2026-09-28T14:44:26.385Z","true"
"2026-01-06T09:30:00.000Z","https://x.com/ChathamHouse/status/2008471101362630745","5","3","0","1419","8","2026-09-28T14:44:26.385Z","true"
"2026-01-06T09:00:03.000Z","https://x.com/ChathamHouse/status/2008463561023168662","4","3","0","1032","7","2026-09-28T14:44:26.385Z","true"
"2026-01-06T08:30:00.000Z","https://x.com/ChathamHouse/status/2008456000899289121","6","3","0","1264","9","2026-09-28T14:44:26.385Z","true"
"2026-01-06T08:00:02.000Z","https://x.com/ChathamHouse/status/2008448458383126893","2","2","0","1109","4","2026-09-28T14:44:26.385Z","true"
"2026-01-06T07:30:00.000Z","https://x.com/ChathamHouse/status/2008440901706588537","7","2","0","1246","9","2026-09-28T14:44:26.385Z","true"
"2026-01-05T22:00:01.000Z","https://x.com/ChathamHouse/status/2008297461891428457","2","2","1","3047","5","2026-09-28T14:44:26.385Z","true"
"2026-01-05T21:00:16.000Z","https://x.com/ChathamHouse/status/2008282422480162840","3","4","0","1711","7","2026-09-28T14:44:26.385Z","true"
"2026-01-05T20:30:00.000Z","https://x.com/ChathamHouse/status/2008274807083700467","7","3","0","2665","10","2026-09-28T14:44:26.385Z","true"
"2026-01-05T20:00:16.000Z","https://x.com/ChathamHouse/status/2008267325493940457","2","1","0","1364","3","2026-09-28T14:44:26.385Z","true"
"2026-01-05T19:30:00.000Z","https://x.com/ChathamHouse/status/2008259706373242943","4","2","0","2080","6","2026-09-28T14:41:48.879Z","true"
"2026-01-05T18:00:24.000Z","https://x.com/ChathamHouse/status/2008237159027818611","9","4","1","1656","14","2026-09-28T14:41:48.879Z","true"
"2026-01-05T17:30:00.000Z","https://x.com/ChathamHouse/status/2008229507233362402","6","3","0","1357","9","2026-09-28T14:41:51.401Z","true"
"2026-01-05T17:00:37.000Z","https://x.com/ChathamHouse/status/2008222114835247301","6","3","1","1455","10","2026-09-28T14:41:51.401Z","true"
"2026-01-05T16:30:00.000Z","https://x.com/ChathamHouse/status/2008214407537717428","6","3","0","3956","9","2026-09-28T14:41:53.911Z","true"
"2026-01-05T16:00:01.000Z","https://x.com/ChathamHouse/status/2008206861263417412","7","4","0","1368","11","2026-09-28T14:41:53.911Z","true"
"2026-01-05T15:00:42.000Z","https://x.com/ChathamHouse/status/2008191934301454565","6","2","0","1409","8","2026-09-28T14:41:53.911Z","true"
"2026-01-05T14:00:32.000Z","https://x.com/ChathamHouse/status/2008176794818486353","3","1","0","1285","4","2026-09-28T14:41:53.911Z","true"
"2026-01-05T13:00:21.000Z","https://x.com/ChathamHouse/status/2008161648243032368","7","5","0","1337","12","2026-09-28T14:41:53.911Z","true"
"2026-01-05T12:31:00.000Z","https://x.com/ChathamHouse/status/2008154264305299944","3","4","2","3317","9","2026-09-28T14:41:53.911Z","true"
"2026-01-05T12:00:18.000Z","https://x.com/ChathamHouse/status/2008146538170651056","6","3","1","1586","10","2026-09-28T14:41:53.911Z","true"
"2026-01-05T11:30:00.000Z","https://x.com/ChathamHouse/status/2008138910572986724","15","11","1","3078","27","2026-09-28T14:41:53.911Z","true"
"2026-01-05T11:00:12.000Z","https://x.com/ChathamHouse/status/2008131412549837225","5","2","2","1369","9","2026-09-28T14:41:53.911Z","true"
"2026-01-05T10:00:02.000Z","https://x.com/ChathamHouse/status/2008116268977861068","11","2","1","1683","14","2026-09-28T14:41:53.911Z","true"
"2026-01-05T09:20:51.000Z","https://x.com/ChathamHouse/status/2008106408248738183","6","5","3","1608","14","2026-09-28T14:41:53.911Z","true"
"2026-01-05T09:00:13.000Z","https://x.com/ChathamHouse/status/2008101215083602018","4","1","0","1323","5","2026-09-28T14:41:53.911Z","true"
"2026-01-05T08:00:10.000Z","https://x.com/ChathamHouse/status/2008086103312539664","3","3","0","1582","6","2026-09-28T14:41:53.911Z","true"
"2026-01-05T07:00:14.000Z","https://x.com/ChathamHouse/status/2008071021841035703","5","3","0","1458","8","2026-09-28T14:41:53.911Z","true"
"2026-01-05T06:00:07.000Z","https://x.com/ChathamHouse/status/2008055892420211086","1","1","0","1464","2","2026-09-28T14:41:53.911Z","true"
"2026-01-04T18:00:00.000Z","https://x.com/ChathamHouse/status/2007874671983902838","28","15","2","4058","45","2026-09-29T07:14:53.971Z","true"
"2026-01-04T17:00:00.000Z","https://x.com/ChathamHouse/status/2007859571583287795","5","3","1","1879","9","2026-09-29T07:14:53.971Z","true"
"2026-01-04T15:00:02.000Z","https://x.com/ChathamHouse/status/2007829378890371262","10","4","3","1890","17","2026-09-29T07:14:53.971Z","true"
"2026-01-04T14:31:03.000Z","https://x.com/ChathamHouse/status/2007822084848992346","19","7","0","4944","26","2026-09-29T07:14:53.971Z","true"
"2026-01-04T12:00:02.000Z","https://x.com/ChathamHouse/status/2007784079509565631","8","6","1","1909","15","2026-09-29T07:14:53.971Z","true"
"2026-01-04T11:00:08.000Z","https://x.com/ChathamHouse/status/2007769006615515450","10","4","0","2092","14","2026-09-29T07:14:53.971Z","true"
"2026-01-04T10:00:02.000Z","https://x.com/ChathamHouse/status/2007753880952807541","10","6","1","2310","17","2026-09-29T07:14:53.971Z","true"
"2026-01-04T10:00:00.000Z","https://x.com/ChathamHouse/status/2007753873830584458","14","8","3","9786","25","2026-09-29T07:14:53.971Z","true"
"2026-01-04T07:30:00.000Z","https://x.com/ChathamHouse/status/2007716124406829567","13","12","1","4355","26","2026-09-29T07:14:53.971Z","true"
"2026-01-03T18:00:01.000Z","https://x.com/ChathamHouse/status/2007512286257394019","27","15","2","5950","44","2026-09-29T07:14:53.971Z","true"
"2026-01-03T17:40:00.000Z","https://x.com/ChathamHouse/status/2007507247967121619","13","10","3","5950","26","2026-09-29T07:14:53.971Z","true"
"2026-01-03T16:52:56.000Z","https://x.com/ChathamHouse/status/2007495402518655081","3","2","0","1510","5","2026-09-29T07:14:53.971Z","true"
"2026-01-03T16:51:38.000Z","https://x.com/ChathamHouse/status/2007495075408847022","11","9","3","3231","23","2026-09-29T07:14:53.971Z","true"
"2026-01-03T15:02:09.000Z","https://x.com/ChathamHouse/status/2007467524464472371","9","6","1","2547","16","2026-09-29T07:14:53.971Z","true"
"2026-01-03T14:30:00.000Z","https://x.com/ChathamHouse/status/2007459435371999619","9","4","0","3969","13","2026-09-29T07:14:53.971Z","true"
"2026-01-03T14:00:00.000Z","https://x.com/ChathamHouse/status/2007451885113139591","8","5","1","3285","14","2026-09-29T07:14:53.971Z","true"
"2026-01-03T13:30:00.000Z","https://x.com/ChathamHouse/status/2007444335105855769","10","6","0","4128","16","2026-09-29T07:14:53.971Z","true"
"2026-01-03T13:20:23.000Z","https://x.com/ChathamHouse/status/2007441913222242672","22","11","0","5824","33","2026-09-29T07:14:53.971Z","true"
"2026-01-03T12:30:48.000Z","https://x.com/ChathamHouse/status/2007429437449531618","35","24","4","14798","63","2026-09-29T07:14:53.971Z","true"
"2026-01-03T10:00:11.000Z","https://x.com/ChathamHouse/status/2007391530433089905","4","2","2","2010","8","2026-09-29T07:14:53.971Z","true"
"2026-01-03T09:00:07.000Z","https://x.com/ChathamHouse/status/2007376417638490354","5","1","0","2123","6","2026-09-29T07:14:53.971Z","true"
"2026-01-03T08:45:19.000Z","https://x.com/ChathamHouse/status/2007372692950004099","8","3","1","4505","12","2026-09-29T07:14:53.971Z","true"
"2026-01-02T22:00:13.000Z","https://x.com/ChathamHouse/status/2007210345899626619","2","1","0","1746","3","2026-09-29T07:14:53.971Z","true"
"2026-01-02T21:00:12.000Z","https://x.com/ChathamHouse/status/2007195244635234472","3","1","0","1803","4","2026-09-29T07:14:53.971Z","true"
"2026-01-02T20:30:00.000Z","https://x.com/ChathamHouse/status/2007187642564170211","4","3","3","1885","10","2026-09-29T07:14:53.971Z","true"
"2026-01-02T20:00:21.000Z","https://x.com/ChathamHouse/status/2007180179899089378","2","2","0","1782","4","2026-09-29T07:14:53.971Z","true"
"2026-01-02T19:00:21.000Z","https://x.com/ChathamHouse/status/2007165081742664137","4","2","0","1530","6","2026-09-29T07:12:34.219Z","true"
"2026-01-02T18:30:00.000Z","https://x.com/ChathamHouse/status/2007157443768234432","3","4","0","1633","7","2026-09-29T07:12:34.219Z","true"
"2026-01-02T18:00:16.000Z","https://x.com/ChathamHouse/status/2007149961574596732","4","3","1","1527","8","2026-09-29T07:12:34.219Z","true"
"2026-01-02T17:30:00.000Z","https://x.com/ChathamHouse/status/2007142344488071344","9","3","2","2697","14","2026-09-29T07:12:34.219Z","true"
"2026-01-02T17:00:32.000Z","https://x.com/ChathamHouse/status/2007134930627604556","5","2","0","1517","7","2026-09-29T07:12:34.219Z","true"
"2026-01-02T16:40:09.000Z","https://x.com/ChathamHouse/status/2007129798498562544","23","15","5","13536","43","2026-09-29T07:12:34.219Z","true"
"2026-01-02T16:30:00.000Z","https://x.com/ChathamHouse/status/2007127244012200198","5","3","0","1463","8","2026-09-29T07:12:34.219Z","true"
"2026-01-02T16:00:36.000Z","https://x.com/ChathamHouse/status/2007119846387892585","4","2","0","1636","6","2026-09-29T07:12:34.219Z","true"
"2026-01-02T15:30:00.000Z","https://x.com/ChathamHouse/status/2007112146446942577","3","4","0","2659","7","2026-09-29T07:12:34.219Z","true"
"2026-01-02T15:00:31.000Z","https://x.com/ChathamHouse/status/2007104726937080211","2","1","0","1458","3","2026-09-29T07:12:34.219Z","true"
"2026-01-02T14:00:24.000Z","https://x.com/ChathamHouse/status/2007089597663031750","2","2","1","1563","5","2026-09-29T07:12:34.219Z","true"
"2026-01-02T13:30:00.000Z","https://x.com/ChathamHouse/status/2007081947403796738","5","4","0","1533","9","2026-09-29T07:12:34.219Z","true"
"2026-01-02T13:00:30.000Z","https://x.com/ChathamHouse/status/2007074524139856064","3","2","1","1422","6","2026-09-29T07:12:34.219Z","true"
"2026-01-02T12:00:12.000Z","https://x.com/ChathamHouse/status/2007059348283957645","2","1","0","1238","3","2026-09-29T07:12:34.219Z","true"
"2026-01-02T11:30:01.000Z","https://x.com/ChathamHouse/status/2007051749903777880","5","5","0","1479","10","2026-09-29T07:12:34.219Z","true"
"2026-01-02T11:00:12.000Z","https://x.com/ChathamHouse/status/2007044247225040967","2","1","0","1308","3","2026-09-29T07:12:34.219Z","true"
"2026-01-02T10:30:00.000Z","https://x.com/ChathamHouse/status/2007036648199213372","16","8","2","9519","26","2026-09-29T07:12:34.219Z","true"
"2026-01-02T10:00:21.000Z","https://x.com/ChathamHouse/status/2007029186112692332","2","1","0","1302","3","2026-09-29T07:12:34.219Z","true"